,DOLocationID,TrainR2,ValR2,TestR2,TrainCount,ValCount,TestCount,TrainMSE,ValMSE,TestMSE,TrainRMSE,ValRMSE,TestRMSE
0,1,-0.4418736641415488,-0.6596230090075168,-0.9863439931161542,2275,614,551,25.4681065381877,20.084685832071266,19.56578177197062,5.046593557855408,4.481594117283633,4.42332248111876
1,2,,,,1,0,0,,,,,,
2,3,,,,1,0,0,,,,,,
3,4,0.3422345000676298,0.35837687396482665,0.28462883341017187,11601,2239,1992,116.90211474038362,84.1920336184056,69.97414913525743,10.812128131888912,9.175621702010474,8.365055238027866
4,5,,,,0,0,0,,,,,,
5,6,-5.304977727263751,,-2.1960676484987216,11,1,2,18.569130496524348,,6.392135296997443,4.309191397063299,,2.5282672518935656
6,7,0.6762596107161924,0.6539589434731472,0.6292544253835183,16773,3313,3109,213.5027006690191,197.56630734020314,180.43265670309597,14.611731610901533,14.055828233875197,13.432522350738747
7,8,-119.4136227405956,,-0.3326157967231054,2,1,3,15.05170284257445,,16.583663248109755,3.879652412597609,,4.072304414960866
8,9,-36.95936800037715,,,3,0,0,16.87083022238984,,,4.107411620764328,,
9,10,-0.00175264952933607,-0.004025829754419119,-0.016307093336525913,921,185,196,36.95521310660218,36.21868478839314,38.3233238058784,6.079079955602014,6.018196140737949,6.190583478629329
10,11,,,,0,0,0,,,,,,
11,12,-0.7812519620948235,-0.5519369028470276,-1.1689616865974641,592,147,158,18.976675511067835,21.84737292421099,19.079053437961765,4.356222619548711,4.674117341724638,4.367957581978305
12,13,0.2984477041702194,0.2428958524409286,0.26054597912340116,24424,4980,4990,81.91380742202094,78.33161925286848,83.00716452400532,9.050624697888038,8.850515197030537,9.11082677499717
13,14,-1.691083656628722,-1.5476450270575253,-2.843763143990844,1006,236,178,23.265425681814065,21.682924874274704,19.803887413203007,4.823424683957868,4.656492765405601,4.450155886393532
14,15,-119.4136227405956,-20.77378547293665,-174.1217023694096,4,3,4,22.577554263861675,12.902983983962459,24.626489395698226,4.751584395110927,3.5920723801118566,4.962508377393254
15,16,-28.854026160518064,-131.5141203625292,-37.00427073648415,32,13,11,27.904330848521337,28.951651239878927,27.411044257719595,5.282455002034692,5.380673864849916,5.235555773527735
16,17,0.08555884997243102,0.09658262210595481,0.11027985086886449,9229,1929,1638,76.46024614421155,68.50454670807001,50.91263129353451,8.744154970276519,8.27674735074534,7.135308773524416
17,18,-44.95412543984804,,,15,0,0,27.449930929402566,,,5.239268167349574,,
18,19,-18.50058249426015,,,15,0,0,22.32600022453962,,,4.725039706133655,,
19,20,-0.1376821131490762,-0.020385843952186233,-24.639578666918098,29,3,2,20.030743402481388,35.82688074321009,12.819789333459049,4.475571852007449,5.985556009529114,3.580473339302926
20,21,-47.99239044890275,,,2,0,0,6.124048806112844,,,2.474681556506381,,
21,22,-23.48613460329336,,0.0,15,1,2,26.408749616588988,,0.0,5.138944406839696,,0.0
22,23,,,,0,0,0,,,,,,
23,24,0.3436374487224604,0.343236154390428,0.31858249310341924,8100,1637,1434,40.3575779369409,42.079957736135896,34.48451293374971,6.352761441840934,6.486906638463043,5.872351567621758
24,25,-0.024616279617305725,0.030150066917068008,-0.08142910446027818,7110,1546,1334,27.732382475728258,32.630806732740574,25.088516881718235,5.266154429536629,5.712338114357427,5.008843866773872
25,26,-6.274129699777668,-9.259499930544719,-174.1217023694096,55,9,4,24.922184871441416,23.192943601560625,24.626489395698226,4.992212422507822,4.815905273316806,4.962508377393254
26,27,,,,0,0,0,,,,,,
27,28,-0.11936273193879399,-0.18374627067713778,-0.16971135496822254,979,184,202,25.029340852803713,22.145242510188833,22.110271737811992,5.00293322489954,4.7058731931692375,4.702156073314878
28,29,-14.667325272843673,,-174.1217023694096,41,0,4,26.696807649958078,,24.626489395698226,5.166895358913133,,4.962508377393254
29,30,,,,0,0,0,,,,,,
30,31,,,,1,0,0,,,,,,
31,32,,,,0,0,0,,,,,,
32,33,-0.03133696869196689,-0.038537505164658814,-0.05901053110522003,10010,2007,1900,31.80281889620597,33.21763159604137,26.525965232399887,5.63939880627412,5.763473917355866,5.150336419341933
33,34,-15.113696310513326,-9.050614467121934,-0.03586034642030178,33,10,18,24.56445275552111,22.523427020820257,50.38913526029731,4.956253903455826,4.74588527261461,7.098530500061073
34,35,-8.022148120176283,-4.794162171056223,-3.4762131186915965,144,22,19,24.482630512252396,20.70618509889476,22.342561937822644,4.947992573989213,4.550404937903303,4.726791928763381
35,36,0.20374398978275232,0.21093363182281688,0.2777507460145867,3287,703,590,98.50357696143773,91.49554488091016,64.35399878032868,9.9248968237175,9.565330359214478,8.022094413576088
36,37,0.22015511423393763,0.19942253503836171,0.18006800709822113,6244,1280,1051,135.85916521444807,117.17350048899148,104.32428177096381,11.65586398404031,10.824670918276984,10.213925874557923
37,38,-2.101013177328485,-119.4136227405956,,23,2,1,22.18191656523816,15.05170284257445,,4.709768207166692,3.879652412597609,
38,39,-4.562573950160415,-4.325537414125471,-5.607783593080168,164,47,48,26.13099767020337,22.99137649566065,22.350562717142992,5.111848752672889,4.794932376547207,4.727638175362301
39,40,-0.18947857081573072,-0.19300689927284065,-0.03471013813525037,3689,862,762,28.18070516974464,29.27053609435753,42.622975592861046,5.30855019470897,5.410225142668051,6.528627389647922
40,41,0.6041964575096259,0.5685931243714123,0.5973841936776452,17887,3654,3345,159.86715573996506,155.3983879828923,119.57139102984776,12.6438584198007,12.46588897683965,10.934870416692085
41,42,0.6764175674329698,0.6409759384555966,0.6485045039540869,14564,2967,2679,167.356788364828,159.2851019902697,143.10734967728894,12.936645174264772,12.620820178984792,11.962748416534092
42,43,0.6018984184397342,0.5541977042065171,0.5155404828782966,22056,4624,4421,129.25134383903938,166.5296480101738,163.98216827163134,11.368876102721824,12.90463668648497,12.805552243914798
43,44,,,,0,0,0,,,,,,
44,45,-0.34047191169813207,-0.5270944349559374,-0.8974919614393844,4581,955,811,26.59566271121924,24.860885481686044,21.841588028203788,5.157098284037182,4.986069141286154,4.673498478463836
45,46,,,,0,0,0,,,,,,
46,47,-9.383776568978167,,,19,1,1,19.238523493012764,,,4.386174129353822,,
47,48,0.5199318723519701,0.48813762823495166,0.4976923422288403,38095,7752,7251,405.0476109781074,364.51373383390205,333.7613046361911,20.125794666996565,19.092242765948217,18.269135300724855
48,49,0.01581012111833402,0.02060974409292282,0.03119183495286626,9608,2024,1705,70.98628363650596,59.61718078025056,46.158263992988246,8.425335817432202,7.721216275966537,6.793987341244334
49,50,0.5261054766203501,0.4859040704233214,0.5167216728542381,22920,4710,4299,126.50645068769906,102.32767376792678,92.21750659995648,11.247508643592992,10.11571419959692,9.602994668329067
50,51,,,,1,0,0,,,,,,
51,52,-0.6440331700158826,-1.0249553601424957,-0.6394045374645576,1751,367,308,22.486321740308977,21.073407156231408,20.38206291442718,4.741974455889548,4.590578085190514,4.51464981082998
52,53,-1.4720696015293373,-1.2646661371920822,-5.909277273292268,407,58,69,18.084990848578315,19.87245928226761,19.72806470486337,4.252645159024946,4.4578536631733,4.441628609515138
53,54,-1.4575696206584952,-1.7588471888082804,-4.904179759662667,409,75,75,21.0376608969751,18.85651372414496,18.979081179005096,4.5866829950384735,4.342408746783859,4.356498729370307
54,55,-0.040274246775879874,-0.07934120218950658,-0.2240836623426532,88,29,40,381.607971211668,606.4186648482784,708.8087048886692,19.53478874243763,24.625569330439415,26.623461549705915
55,56,0.029023955751487862,0.06237493440980568,0.056732803661722064,2161,403,391,97.56061708963264,71.23324327666062,75.51862047830603,9.877277817781206,8.43997886707429,8.69014502055668
56,57,-24.043648164932787,0.0,-21.696410572024455,12,4,5,31.0871674269565,0.0,24.693694702362603,5.575586733874427,0.0,4.969275068092187
57,58,,,,0,0,0,,,,,,
58,59,,,,0,0,0,,,,,,
59,60,,,,1,0,0,,,,,,
60,61,0.016936332373614582,0.05726562424178805,0.0773885294268527,10685,2150,1913,112.1610533393351,85.88937406218496,61.91400753480692,10.59061156587924,9.267652025307433,7.868545452293386
61,62,-2.541580294741292,-4.798008590079157,-2.6568250396607316,1045,168,137,22.418768857698748,20.983955166960794,22.128937291742147,4.734846233796695,4.580824725631924,4.704140441328485
62,63,-20.20631482415321,,0.0,12,0,2,22.138999966882178,,0.0,4.705209874902732,,0.0
63,64,-157.9807245955143,-119.4136227405956,,7,2,0,27.810039287845065,15.05170284257445,,5.27352247438513,3.879652412597609,
64,65,-0.3665111556944809,-0.3022676184448454,-0.47711420578984587,5155,1174,1033,21.69249857935021,20.384203846417165,20.2737019851138,4.657520647227472,4.514886914023115,4.502632783729292
65,66,-0.7189242941525076,-0.5965633344796286,-1.1051246520554256,3238,743,561,20.88032117421085,21.245859729457052,20.305405861867136,4.569499006916496,4.6093231313780825,4.506152001638109
66,67,-5.332487827655862,,,2,0,0,7.124048806112844,,,2.6690913821210476,,
67,68,0.5816674769954613,0.5389456827942858,0.5516410534820178,34736,7042,6714,282.7989198319417,265.467172433343,262.2111151009111,16.816626291618118,16.293163364839348,16.192934110312162
68,69,-3.335812940610116,-2.9688218052750353,-2.6509359950021008,850,139,95,13.080152803529412,12.845999302570423,12.647170173634779,3.6166493890795404,3.584131596714945,3.5562860084131
69,70,-0.5233935485425045,-1.027742027063904,-0.6326221603627995,1383,272,260,22.40296380459756,19.579832567477332,25.9440176997404,4.73317692513153,4.42491045869601,5.093527039266641
70,71,-10.381418144247654,-73.24827737998733,-1.9127805746794957,52,13,5,25.078572176131726,26.765878782407807,15.472690412697483,5.007851053708738,5.173575048494784,3.933534086886433
71,72,-8.894153769400834,-17.471889628848235,-0.18299569838974494,77,19,26,25.38181714919071,26.273765158046864,30.981618113837037,5.038037033328627,5.125794100239188,5.566113375941693
72,73,-7.3241922059505615,-12.700315275813084,-6.171146381405585,118,10,9,22.625215333690665,20.22166534710011,18.100012814521644,4.756597032931281,4.496850603155514,4.2544109832645045
73,74,0.6435311668000798,0.5929801576115824,0.5709331192247448,18908,3849,3579,229.67357402197717,219.42210608023075,213.13639236294142,15.15498512114008,14.812903364304741,14.599191496892608
74,75,0.5784855301913487,0.5446628275820615,0.5336657783424144,24661,4771,4586,250.730509609249,234.59205139913558,215.69801795970946,15.834472192316642,15.31639812094004,14.686661225741862
75,76,-1.633362083261492,-2.346607685274104,-4.473482590553018,508,101,73,19.405271145664855,20.89816910351104,24.416349857771348,4.405141444456109,4.571451531353148,4.94129030292406
76,77,-8.188589084104184,,,8,1,1,22.98941917331535,,,4.794728268975766,,
77,78,-1.432218031629601,-36.95936800037715,,15,3,1,13.923096998839672,16.87083022238984,,3.7313666395624634,4.107411620764328,
78,79,0.41227330517933924,0.33794687372918775,0.26639379316495304,35240,7252,6614,1026.6600785912215,808.7622864520145,778.9628749436536,32.0415367701242,28.438746218003608,27.90990639439075
79,80,0.27883402015402825,0.2656519283230645,0.206652378680935,6319,1292,1051,171.15388124123777,143.10938282218606,108.39748529094973,13.082579303839047,11.962833394400596,10.411411301593542
80,81,,,,0,0,0,,,,,,
81,82,0.21774806511484035,0.23557623817769968,0.20249318577016295,5445,1122,1067,201.90354806170512,176.58397584254584,215.7444072023593,14.209276831060233,13.288490352276508,14.688240439288816
82,83,0.060667037276577185,0.015012391949658088,0.06492191615578569,2611,510,513,31.96620508996926,26.12746593412598,23.958053355633123,5.653866384163076,5.111503294934473,4.894696451837756
83,84,,,,0,0,0,,,,,,
84,85,-2.496400016215179,-140.84567402890525,,45,10,1,21.332701965600883,26.808832391463092,,4.618733805449377,5.177724634572902,
85,86,-6.19709228495903,,-24.639578666918098,9,1,2,20.06103089579801,,12.819789333459049,4.478954218988849,,3.580473339302926
86,87,0.16561530257010382,0.11960191930637509,0.1523103295788394,20785,4220,4267,91.90640913205287,85.40917220488083,73.0137318549103,9.586783043964898,9.241708294729975,8.544807303556372
87,88,-0.01950518985106786,-0.06221632443822123,-0.023534580794174476,9574,2002,2034,33.56691537096254,26.932830126800823,30.968318726760547,5.793696175237578,5.1896849737533035,5.564918573237217
88,89,-0.28807242698487356,-0.3513164910343525,-0.7704668572750775,2178,535,364,35.69552572262886,31.224151665959184,25.08969533292183,5.974573266989774,5.587857520191364,5.008961502439585
89,90,0.46794618972787705,0.3477935861613426,0.34235726046183157,29171,5728,5462,153.97559931127816,138.10306446701827,137.0510155889461,12.408690475278934,11.75172602076045,11.706878985833333
90,91,-14.757123115765355,-15.449852594303067,-21.287293452535923,102,19,18,26.587776955752133,25.38347278875983,25.466825028755043,5.156333673818262,5.038201344603035,5.046466588490906
91,92,-0.6088134623150518,-1.2708348770331162,-0.9784383423281251,1118,249,214,27.451320775698402,19.553889339914146,24.01339989037275,5.239400803116555,4.421977989532981,4.90034691530842
92,93,-8.254022149240717,-1.74006656327412,-9.001746969927376,26,26,32,22.53482862923888,21.92318277539959,18.15777360516387,4.747086330501993,4.682219855517208,4.261193917807997
93,94,-36.95936800037715,,,3,0,0,16.87083022238984,,,4.107411620764328,,
94,95,0.45394228337382303,0.5095666224202933,0.5399305407267534,4134,809,763,243.0165326537298,146.98393922923066,133.4090573342591,15.588987544216263,12.123693299866614,11.550283863795691
95,96,,,,0,0,0,,,,,,
96,97,-0.037489725593514045,-0.02217081272173549,-0.022840815665340353,8486,1752,1524,90.23283642892686,70.78963568740859,53.23147379038352,9.499096611200818,8.413657687795991,7.295990254268677
97,98,-5.877464890444796,-20.622157657087,-5.891971736421184,20,7,3,21.16883693278908,19.667968481082053,12.252394198082106,4.600960435907821,4.4348583383330356,3.5003420115871684
98,99,,,,0,0,0,,,,,,
99,100,0.5662907162525173,0.46546869656096235,0.5052585157983206,29366,5992,5765,120.8071844179894,98.67788229474021,109.0964550393935,10.991232161044975,9.933674158876977,10.444924846038553
100,101,-8.855889621638797,,,6,1,1,18.479793040572744,,,4.298812980413633,,
101,102,-2.8840532461962938,-7.581999327352333,-5.014781945565102,235,39,29,23.40152230257246,23.42005177281808,22.93947916883363,4.837511995083057,4.8394268020932065,4.789517634254375
102,103,,,,0,0,0,,,,,,
103,104,,,,0,0,0,,,,,,
104,105,,,,0,0,0,,,,,,
105,106,-0.37615279566863946,-0.13725738264414655,-0.6935305134021896,1352,315,229,26.1028393033418,29.87337328349653,18.476975503242944,5.109093784942864,5.465653966681072,4.298485256836755
106,107,0.5252006207807697,0.4631493841166525,0.47060781288728815,34063,6810,6430,352.8908660499875,296.5586609069536,286.3018781320949,18.78538969651648,17.22087863341919,16.920457385428293
107,108,-1.1376906680853351,,,3,0,0,13.617881292988061,,,3.690241359719993,,
108,109,,,,0,0,0,,,,,,
109,110,,,,0,0,0,,,,,,
110,111,,,,0,0,0,,,,,,
111,112,0.36648462558212047,0.34912808481771396,0.2837322151048993,8921,1817,1596,385.28077028910644,275.43701968663754,220.02058916174374,19.628570255856804,16.596295360309707,14.833091018454102
112,113,0.5444560889671965,0.4579679864868428,0.4387998621846757,28325,5623,5199,135.93908924469176,117.83284825863146,117.96881447964486,11.659291970128022,10.855083982108635,10.86134496642312
113,114,0.4623653862403474,0.3827652223870125,0.3138172502229136,24566,4925,4434,170.22296947384322,132.7507769914852,131.01743258052488,13.046952497569814,11.521752340312007,11.446284662742094
114,115,-17.322175727625858,,,23,0,0,22.793166089697134,,,4.774218898385068,,
115,116,0.22701207600419693,0.1769359667848167,0.1631346094206514,10177,2109,1868,50.98687194002376,49.66222019273404,41.036536188512095,7.140509221338752,7.047142697060564,6.405976599123048
116,117,0.0,,,2,0,0,0.0,,,0.0,,
117,118,,,,0,0,0,,,,,,
118,119,-1.378000206902342,-1.4320928945945526,-7.535711871565889,383,57,40,18.271956116909273,15.647090720610645,21.799274526493328,4.274570869328204,3.9556403679569563,4.668969321648336
119,120,-8.784270593994886,,,2,0,1,4.892135296997443,,,2.211817193394934,,
120,121,-0.05729524534874075,-0.08063969689312578,-0.42472341576550265,630,104,92,22.319131757571924,18.939923012560364,14.856264775770411,4.7243128344312595,4.35200218434692,3.8543825414416784
121,122,-10.173686343220213,,,122,1,1,21.071921306814502,,,4.590416245485207,,
122,123,-1.920567249452529,-126.26958505582384,-16.686799896783658,49,3,5,22.2156642074481,18.854753341603534,19.243238287700617,4.713349574076603,4.342206045503084,4.386711557385625
123,124,-58.32694922852615,-26.38555721193853,-126.26958505582384,35,7,3,30.580188407007068,25.868572993201408,18.854753341603534,5.529935660295432,5.08611570780703,4.342206045503084
124,125,0.10256913841288218,0.07079889060047218,0.07306166635861644,13729,2653,2561,50.029578320418466,40.63140418518866,43.141373288685315,7.073159005735589,6.374276757812502,6.56820929087109
125,126,-3.805083489733626,,0.047219549994640175,14,0,4,15.20675839097916,,9.423594138334263,3.8995843869544817,,3.0697873115794625
126,127,-2.888416395328585,-1.3328943558497701,-4.160062251189062,995,211,173,21.918417095625674,20.768509869890497,21.278588974550004,4.681710915426717,4.557248058849825,4.612872096053608
127,128,,,,1,0,0,,,,,,
128,129,0.6393235313831198,0.6054646547769105,0.5923676964649566,7635,1542,1401,170.04322476934678,162.0222255952966,154.87856052612315,13.040062299289325,12.728795135255206,12.445021515695469
129,130,-0.3816495289317128,-0.4966383290989347,-1.3231882809508226,915,185,195,20.653834009243226,21.311576688695236,19.973909579680097,4.544648942354429,4.616446326850908,4.46921800538753
130,131,-12.983374873998697,-21.28729345253592,-119.41362274059559,53,9,6,27.644208930293445,23.968776497651803,25.08617140429075,5.257776044136289,4.895791713058451,5.008609727687989
131,132,0.4653219570306597,0.46290534456307364,0.4862592377081679,19597,4920,4311,96.29576927673847,105.29626194504044,95.5863259945668,9.813040776270038,10.261396685882504,9.776825967284413
132,133,-2.0265012320585094,-1.6630027604324509,-1.2452473014788348,204,56,45,17.131235342710525,17.68013594155666,16.3876319473556,4.138989652404379,4.20477537349579,4.048164021795016
133,134,-0.035780002723957205,-0.1466328441703435,-0.5043614347755903,974,170,187,32.0368145895961,19.09316252269651,19.221351952849567,5.660107294883737,4.369572350092914,4.38421623016584
134,135,-0.004938123641940351,-0.0028944732636269066,-0.0003779250052953209,862,152,123,31.25364759902032,35.311948764335625,27.33634672428318,5.590496185404326,5.942385780503957,5.228417229361404
135,136,-174.1217023694096,,,4,1,0,24.626489395698226,,,4.962508377393254,,
136,137,0.4838074727591991,0.40628034897730836,0.43983133430641874,27085,5414,5003,216.51344912918177,190.70905662808792,162.89202420176883,14.71439598247858,13.80974498780075,12.762915975660453
137,138,0.5535589343885046,0.4876001502900169,0.5100311986108278,26495,5915,5629,179.5742418553701,228.87575915743426,221.6036834615564,13.400531401976941,15.128640360502798,14.886358972615042
138,139,-14.98206794267731,-142.66106611051623,-207.63563685054612,21,3,5,26.990556378735896,21.283120905261665,26.705361516869896,5.1952436303542004,4.6133632964748905,5.167723049551891
139,140,0.614916269986822,0.5835937267162422,0.5984722263015128,29052,5730,5383,277.2543140921542,270.84047943896604,260.8439678525777,16.65095535073451,16.457231827952295,16.15066462572292
140,141,0.5455031285709468,0.49484166452951006,0.5142077893534169,30758,6152,5853,565.4706003635699,543.1846999615113,468.20392339569827,23.779625740611856,23.306323175514223,21.638020320623102
141,142,0.5522191247863595,0.5283702343609216,0.5447524840499248,32741,6653,6265,636.0913861372412,608.8268489634667,501.520983900058,25.220852208782343,24.674416892065892,22.394664183685766
142,143,0.5915836193544447,0.5670649667589287,0.5667763423943121,22043,4367,3979,178.87437077535256,168.97559746759092,144.83354513544572,13.374392351630505,12.999061407178248,12.034680932016673
143,144,0.3933597839018801,0.3281353858484818,0.301001721614396,23550,4815,4435,98.98557090084388,89.43937312074608,74.21433905304953,9.9491492551295,9.45723919126222,8.614774463272358
144,145,-0.009521031515066669,-0.008405924900994899,-0.006685818730741255,8819,1743,1581,97.12932925357102,81.11170181680191,85.2159283922479,9.855421312839498,9.00620351850889,9.231247390913532
145,146,0.10750015243402555,0.07422716932534756,-0.12822938319458954,2622,564,570,38.85472881486772,32.525635952599906,24.4134574837656,6.2333561437533564,5.703125104063552,4.94099762029548
146,147,-12.735568800346833,,-1.47061087642108,6,0,2,10.174495407664319,,1.23530543821054,3.189748486583906,,1.111442953196672
147,148,0.35461848689770414,0.29022167025143086,0.22720075528019523,23716,4996,4408,304.0101000422833,227.8831855658684,232.39886632476012,17.435885410333576,15.09580026251899,15.24463401740954
148,149,-20.469696798373644,,,18,0,0,27.035914486840884,,,5.199607147356508,,
149,150,-0.5267353357423905,-3.3784921132772787,-3.637074563051552,246,36,37,20.160176561973,16.354122259093476,17.92834940532676,4.490008525824088,4.0440230290013774,4.2341881636657055
150,151,0.4466626605373185,0.4296434852108715,0.4397884163401756,16983,3418,3252,187.86680370912723,184.28952045756012,142.55890645026537,13.70645117122325,13.575327637208618,11.939803451073447
151,152,0.2779790311111541,0.23310583731907364,0.049919704806410725,6177,1243,1119,29.80651735462218,29.038340107474628,25.095960395138825,5.45953453644376,5.388723420948103,5.009586848746992
152,153,,,,1,0,0,,,,,,
153,154,,,,0,0,0,,,,,,
154,155,-8.068700492955188,-62.13483925950514,-16.4263857779454,46,8,4,26.384071146312923,24.168805654029313,19.604684000188573,5.13654272310792,4.916177951826938,4.42771769653267
155,156,,,,0,0,0,,,,,,
156,157,-0.026371730304281193,-0.07418150979813465,-0.024667471805552843,1310,260,260,49.338976480477584,30.895067338145154,25.47242468030467,7.0241708749487,5.55833314386113,5.0470213671337545
157,158,0.4045949547651633,0.3293365731111638,0.2501554855065222,24287,5079,4702,127.75262232591852,134.60590855543396,149.80101865188394,11.302770559730854,11.601978648292452,12.239322638605616
158,159,-2.983631216665436,-3.161374723668893,-2.710279249560987,734,98,77,13.629843121432724,12.014064338637876,15.667510786233775,3.6918617419173114,3.4661310331027413,3.9582206591136093
159,160,-0.4602009945976915,-0.9320964590531204,-1.2267716624377636,562,109,107,23.78204975438663,23.188684438172764,19.91588113096357,4.8766842992331,4.815463055426006,4.462721269692246
160,161,0.432375658338625,0.3711325884789648,0.39083979541394254,38493,7703,7433,1462.7653538739744,1445.5451304338912,1527.4055653008352,38.24611553967245,38.020325227881614,39.08203635048761
161,162,0.48785836994211085,0.44548975538640334,0.462179941945033,37353,7555,7274,763.7709085829182,724.2014241928788,771.4165276065584,27.636405493170024,26.910990769439888,27.77438617875395
162,163,0.567175873111216,0.5036456801157543,0.5319347413866553,34536,6964,6630,321.22812028267435,311.18619223536837,307.2844826287305,17.922837952809658,17.640470295186812,17.529531728735098
163,164,0.538542123729814,0.475862961382682,0.4954650270759682,34311,6977,6659,241.6196117246642,218.47733993420792,234.59617506992294,15.544118235675647,14.780978991061719,15.316532736553757
164,165,-3.112425371721378,-87.20361801572852,-125.10947230832598,62,13,7,23.486092219430223,29.869591171461995,26.471959201747726,4.8462451670783455,5.465307966753748,5.145090786540868
165,166,0.5222684139240161,0.4295817556220717,0.2878810477335151,18471,3777,3289,167.97545264110428,181.10723659950744,149.53642110142852,12.960534427295206,13.457608873774994,12.228508539532879
166,167,-6.979488736367608,-6.936588278370038,-6.099265656389337,80,17,5,13.17887372518014,14.525911214960999,10.450119046205103,3.630271852792865,3.8112873435311854,3.2326643881178114
167,168,-0.019054758412309303,-0.03540845960538275,-0.03052013392391051,2648,436,349,18.82452573640058,14.006704283363321,13.143339075038753,4.338723975594735,3.7425531770922538,3.625374335849852
168,169,-5.779249518303288,-121.61311543718912,-11.199124932595252,64,8,9,22.046732644446738,25.1452678142673,17.135670687211984,4.695394833711723,5.014505739778079,4.139525418114012
169,170,0.561248305800705,0.49760141026269555,0.5452241576560686,38581,7698,7477,577.5410385586906,526.2654084872562,503.63113259251975,24.03208352512721,22.940475332635465,22.441727486816156
170,171,-3.218977222104381,-4.173917959387827,-18.652783740829594,232,25,25,20.514996557462272,23.07848871023962,26.141661265241748,4.529348359031602,4.8040075676709355,5.112891673528958
171,172,,,,0,0,0,,,,,,
172,173,-0.017663992330192224,-0.01758065242528639,0.03503822770670706,2246,428,396,94.07583923504592,73.52126941776592,53.16624833768017,9.699270036195813,8.574454467647834,7.291518932134797
173,174,-22.941726012579178,0.0,-79.70300659474917,15,2,2,24.431201299947467,0.0,10.087875824343646,4.9427928643579095,0.0,3.1761416568446132
174,175,-207.63563685054618,,-15.71192463045649,5,0,2,26.705361516869907,,8.355962315228245,5.167723049551892,,2.8906681433931922
175,176,,,,0,0,0,,,,,,
176,177,-5.956469972302659,-25.94562299406389,-21.14978196393187,377,45,33,26.657542732335447,29.74264519325018,28.32253056200009,5.1630942982222825,5.453681801613492,5.3218916338084234
177,178,0.0,,,4,0,0,0.0,,,0.0,,
178,179,0.5227528255184026,0.5068499209370837,0.47724611457339894,4660,894,765,85.6804074558617,63.20187431393675,58.72758715034959,9.256371181832636,7.949960648577875,7.663392665807331
179,180,-12.306373457504169,,,6,0,0,23.717378616384753,,,4.870049139011305,,
180,181,0.5702464857969175,0.5194365424132392,0.5536698743638321,14406,3026,2666,147.08741209284452,176.88430786439628,123.4245101543822,12.127959931202136,13.299786008218188,11.109658417538418
181,182,-10.672632744883737,-2.19198378023236,-27.77615570230251,86,14,10,23.79135570314905,22.804537182097366,24.862598526789373,4.87763833254876,4.7754096350048725,4.986240921454696
182,183,,,,0,0,0,,,,,,
183,184,,,,0,0,0,,,,,,
184,185,-137.71321166379406,,,2,0,1,17.339151457974257,,,4.164030674475664,,
185,186,0.5409155799781551,0.47454633247983724,0.49579835577720854,38427,7933,7580,409.83530133616773,324.13166698871055,348.78189348975934,20.244389379187698,18.003657044853707,18.675703293042524
186,187,,,,0,0,0,,,,,,
187,188,-0.5589145825969062,-0.6080214599138194,-0.9258200262663709,2626,519,398,25.794090468692453,26.437948231699934,23.142922679743332,5.078788287445388,5.1417845376581015,4.810709165990326
188,189,0.022007095234952923,-0.1462182876829372,-0.3378033135624765,4064,848,683,29.998538331753803,26.50127148330458,26.8904670634398,5.477092141981346,5.147938566387966,5.185601899822219
189,190,-0.8394843283380384,-0.32069606102099324,-0.7910119493061509,172,55,46,16.710083273825987,15.167552269577818,18.177383902567463,4.087796872867583,3.8945541811069746,4.263494330073334
190,191,-9.32741895043401,-13.90242708320679,-20.610208595713196,57,14,7,21.760225785051023,19.20371070197493,23.437310780190405,4.66478571694896,4.382203863579938,4.841209640181925
191,192,-7.657873114637374,-22.586280444674923,-10.85429615517382,115,11,8,20.38145448269342,23.391352507115627,17.989820532363396,4.514582426171153,4.836460741814785,4.24144085569555
192,193,0.08494241062774643,0.025644894210053226,-0.031236407594322557,2148,415,405,41.95002030574014,41.096766166761384,35.733167888438786,6.476883533439531,6.410675952406375,5.977722633950055
193,194,-0.07877084457222261,-0.09335067383266793,-1.4726965515487804,150,99,13,45.97355068896947,47.72706536911504,7.779371217253152,6.780379833679635,6.908477789579629,2.7891524191505117
194,195,-0.610453433510024,-0.3954442921091166,-0.5954012707191971,1513,357,293,19.479121228581743,19.83212935503353,19.530260663368107,4.4135157446849265,4.453327896644658,4.4193054503358455
195,196,-0.3092622337468751,-0.49814553405971873,-0.4322212323727115,1202,248,262,22.79487309931479,22.705662529203096,21.21874702892076,4.774397668744696,4.765045910503182,4.606381120676052
196,197,-0.7993235339685447,-1.6864618354762722,-3.62468582017702,770,149,136,21.04783696883851,21.948185836447013,21.689576761127995,4.587792167136444,4.684889095426595,4.6572069699690175
197,198,-0.3856768655630505,-0.8982261997526135,-0.7320459681556208,1286,271,209,30.403833415214464,27.62989861258681,25.761630694255082,5.513967121339632,5.256414996229542,5.075591659526511
198,199,,,,1,0,0,,,,,,
199,200,-39.989266340595755,-105.47713965959927,-8.855889621638799,28,8,2,29.442362958204903,23.29187430053734,11.087875824343648,5.426081731618582,4.826165589838101,3.3298462163204547
200,201,-119.4136227405956,,,2,0,0,15.05170284257445,,,3.879652412597609,,
201,202,-7.932946098024347,-20.285863767172703,-2.412555689076397,155,25,19,26.42091449345855,25.698338182652538,22.4783883995439,5.140127867423003,5.069352836669839,4.741137880250257
202,203,-18.115114818897947,-17.892728795448765,-38.81269641612418,40,19,8,24.58950449882889,23.10427309173702,25.582767814267296,4.958780545540294,4.806690451000254,5.057941064728542
203,204,,,,0,0,0,,,,,,
204,205,-1.4620050133084916,-2.5266905442687135,-1.7220146232942692,358,84,75,17.999131066750216,18.417185531867702,19.07458804348408,4.242538281117828,4.291524849266016,4.367446398467196
205,206,-9.206730460975047,-13.783803278062718,-6.158066845852317,41,9,23,21.90594404880122,20.44180206349413,18.63791877016532,4.680378622376743,4.521261114279303,4.317165594480402
206,207,-0.0834689081702118,-0.011425252079400483,-2.554897094202091,138,29,23,28.717309044425207,32.74979124482871,19.11644670662073,5.358853332983205,5.722743332076733,4.372235893295413
207,208,-15.46236208935342,-144.98129160551198,,34,4,1,27.04955745197774,20.528619132025124,,5.200918904576166,4.530851921220238,
208,209,-0.7852115020356325,-1.0465491578558952,-1.429785721112434,3982,776,725,22.311873558293936,22.25090713533733,21.412707327194212,4.723544596835509,4.717086721201692,4.627386662814575
209,210,-0.013969115072010041,-0.004925440610604737,-0.032504750768166835,522,102,94,48.22377681853595,25.60180721989215,22.535536473507058,6.944334152280977,5.059822844714245,4.747160885572245
210,211,0.39805993195388345,0.34514739166462893,0.3426829869955904,20987,4275,3932,82.3414028406651,77.2468427752548,64.61007867372163,9.074216376121141,8.789018305547827,8.038039479482645
211,212,-4.232956011601079,-126.26958505582381,-36.95936800037715,30,3,3,25.073418009808154,18.85475334160353,16.87083022238984,5.007336418676915,4.342206045503084,4.107411620764328
212,213,-7.894052700226013,-7.801119154667342,-26.64773024487407,50,10,10,21.964752548478156,17.82226628820137,22.14583192614413,4.686656862677078,4.2216426054560054,4.7059358183196816
213,214,,,,0,0,0,,,,,,
214,215,-0.006516842718610416,-0.11194794921644813,-0.1216889704878028,502,107,98,29.917064364161476,22.037660809004805,14.714305598855754,5.469649382196401,4.694428698894553,3.8359230439172984
215,216,-0.20483967102879252,-0.3002242826183785,-0.26385937975377294,1385,291,271,20.322818586686196,18.56128884576939,18.060433552994745,4.508083693398581,4.308281426017733,4.249756881633907
216,217,-2.657350958811991,-2.8804477368696446,-0.2731919986396527,493,76,88,29.335005053056783,30.101412479912195,35.05945935966915,5.416179931746801,5.486475415046731,5.921102883726067
217,218,-6.114820290509556,-7.379632826818538,-2.399252986211196,161,52,52,24.83735350606133,23.157043325301927,19.967541019687403,4.983708810320014,4.812176568383784,4.468505457050198
218,219,-0.7763848472882973,-0.7324594632454866,-0.6317048690885398,396,84,89,16.21931213443274,15.448000308314063,13.521276042779867,4.027320714126544,3.930394421468927,3.6771287770188126
219,220,-3.6839944243310443,-5.994164628040996,-7.352993659560205,112,28,13,25.08046489496953,23.906393701521502,26.644414914063688,5.0080400252962765,4.889416499084682,5.1618228286201076
220,221,-8.708973574675532,-25.967817522874018,,39,7,0,21.768632064462413,24.53049290710407,,4.6656866659112906,4.952826759246085,
221,222,,,,0,0,0,,,,,,
222,223,0.597139233644302,0.5797716215683861,0.579158351342369,6854,1350,1236,188.55319493226094,157.29514078002924,144.34660808735146,13.731467326264188,12.54173595560157,12.014433323605049
223,224,0.13922132024844658,0.06430275917293815,0.03804226442206027,10709,2062,1782,65.82403661273976,48.017249095065885,45.995842841870214,8.11320137878629,6.929447964669761,6.782023506437457
224,225,0.07970015710107548,0.09918489437298916,0.009959848131014581,6563,1242,1047,40.9028878882064,30.644039389262876,26.286606029725093,6.395536559836587,5.5357058618809285,5.127046521119649
225,226,0.08484578965928391,0.10554911164289527,0.09810104179813561,9468,1878,1659,80.7142410690014,68.9048898638479,56.158476838379514,8.984110477337275,8.300896931286877,7.493895971948071
226,227,-1.297748208153902,-0.9258102958676624,-1.8366837611161393,195,60,46,13.188800002986069,13.65314799780308,11.498746042430183,3.6316387489652753,3.695016643778899,3.390980100565349
227,228,0.045360545787510476,0.1017328490268129,-0.05688327190638076,1385,337,244,43.877558912353194,51.62914263049291,37.606945410292944,6.624013806775556,7.1853422069163075,6.132450196315739
228,229,0.4800536196298546,0.4200427148102889,0.4326870159947128,28105,5616,5296,238.91674347136532,218.43623009400812,207.23769932303264,15.456931890623228,14.779588292439277,14.39575282237899
229,230,0.4992399849560287,0.42233216280005637,0.4624944254547816,38016,7693,7462,573.1001732998436,574.2137051599136,544.8119531733738,23.939510715548128,23.962756626897367,23.34120719186079
230,231,0.5442269596242613,0.4659545667511752,0.48190781697444074,33170,6623,6393,172.4080351411042,176.40744120679852,158.5349590125736,13.130424027467818,13.281846302634229,12.591066635220926
231,232,0.2765683960704516,0.2191688911418863,0.18769801932605312,11223,2236,1939,52.59085191038132,44.619414443464116,38.25349974782864,7.251955040565359,6.679776526461354,6.184941369797182
232,233,0.4840458285044361,0.41304563439092146,0.46227373461092713,27240,5471,5283,129.55725059415715,124.2020710529312,115.38786962605639,11.382321845482895,11.144598290334704,10.741874586218943
233,234,0.5150602711865596,0.4364482609625401,0.45844877608886003,36795,7352,7062,546.6739004552829,486.0923251183827,495.87116760000373,23.381058582863243,22.047501561818354,22.268164890713464
234,235,-4.056656285153281,-0.8383300900544219,-6.391432989287704,85,36,17,20.082729149993398,19.191037672794643,17.620285603610338,4.4813758099487035,4.380757659674254,4.197652391946043
235,236,0.6310472128032671,0.6103131904097758,0.5763643277191209,33682,6765,6391,1924.6484663868903,2104.0520389900407,1952.3521817202886,43.87081565673119,45.86994701315929,44.185429518341095
236,237,0.6319038209873951,0.5693876014356039,0.5623782528558652,33515,6790,6470,1522.1089800695024,1836.5560557993772,1678.0164041503008,39.014215102568734,42.855058695553986,40.96359852540181
237,238,0.6115937743482884,0.5641434978596163,0.5241129540909711,28917,5819,5460,520.2668836602185,540.374357050399,463.0998698189119,22.809359562693086,23.245953562940777,21.51975533826795
238,239,0.5991757946874221,0.5725078231592136,0.5620749415190041,31031,6320,5934,637.4785554456126,658.7920299055261,548.3583648812041,25.248337676877117,25.6669443040173,23.417052864978636
239,240,,,,0,0,0,,,,,,
240,241,-135.52922783945124,,,11,0,0,28.721400296804163,,,5.359235047728749,,
241,242,-9.346047080555138,,-9.923919221132884,44,1,8,26.65603452366169,,22.551919173315348,5.162948239490852,,4.7488860981619
242,243,0.012856406667868803,0.008572213759851732,-0.009259251704603289,5161,1162,969,29.798731333930352,34.43102214164738,24.771765362575835,5.458821423524528,5.867795339107132,4.977124206062758
243,244,0.05317819818206149,0.03355858992031424,0.044340393527367516,12962,2706,2482,61.738709503125264,62.76821840408708,50.172838544074736,7.85739839279677,7.922639610892766,7.08327879897966
244,245,-8.855889621638799,-40.678858067081165,-27.103536533609912,8,11,11,19.403782692601382,23.798596642360394,23.226063250917285,4.404972496236654,4.878380534804598,4.8193426160543185
245,246,0.49365183018708525,0.4262716544092998,0.3859054293680315,30246,6315,5944,387.0200824410933,281.2150055959493,378.0329202847293,19.672825990210285,16.769466467241863,19.443068695160477
246,247,-0.3493127780323255,-0.41893851963498574,-0.19700968001293773,1245,267,241,13.521579295306775,13.694876758500923,13.171805489696009,3.6771700117490864,3.7006589627390585,3.6292982089787014
247,248,-11.25755781796084,,,5,0,0,15.689674006989879,,,3.96101931413997,,
248,249,0.40513206876240193,0.3170672715168804,0.29020035742506534,28513,5765,5359,351.4509171745174,302.8721433759504,291.3088777120844,18.74702422184698,17.403222212451073,17.067773074191148
249,250,-0.45180178432545226,0.0,,6,2,0,28.93521611815311,0.0,,5.379146411667293,0.0,
250,251,,,,0,0,0,,,,,,
251,252,-14.311617362589999,-41.4537150796097,-25.6105609791303,94,13,18,27.096609680253106,27.825830548310414,25.830313049186667,5.205440392536746,5.275019483216191,5.082353101584606
252,253,,,,0,0,0,,,,,,
253,254,,,-57.049300221863874,1,0,2,,,7.256162527732984,,,2.6937265131659123
254,255,0.2352823745937873,0.2036407894409179,0.07346583441979038,11052,2326,2033,170.4434771989821,137.8605894149619,104.70808756104249,13.055400307879575,11.741404916574588,10.23269698374004
255,256,0.3584829374059315,0.33831513835171656,0.2119890740257543,9447,1996,1625,221.63706546958204,181.58684046808952,155.6544847368663,14.887480158494991,13.475416151944604,12.476156649259671
256,257,-0.10810449249037091,-0.16370851871588843,-0.11273462239681198,745,175,155,40.357895614031705,28.891294307620083,34.48671107608846,6.352786444862735,5.375062260813365,5.8725387249543495
257,258,-9.377920283026413,-9.991236098298943,-3.8743613505131407,316,70,64,28.08419109867416,27.64052341129335,26.910214322934095,5.299451962106474,5.257425549762293,5.187505597388219
258,259,-2.5473649769096944,-0.598802627274704,,12,3,1,16.50715380748313,12.316701721227348,,4.062899679721754,3.5095158813185825,
259,260,0.028565559585951306,0.06727148424716733,0.16302332496613126,5949,1206,1094,67.57889931802545,60.68833467779665,48.34262298459693,8.22063861984125,7.790271797427651,6.952885946468339
260,261,0.07992132364747495,-0.036523721693722866,0.048701543931544244,11092,2297,2221,28.953576985971115,25.47089122260901,29.764111368900863,5.3808528121452195,5.046869447747683,5.455649491023123
261,262,0.5607031510972249,0.5200450153629528,0.5075805230108192,21786,4421,4125,299.3952791056068,288.0846300854419,256.5942736371754,17.303042481182516,16.973056003131607,16.018560286029935
262,263,0.46698553528729236,0.42946274257148664,0.43596065441533516,27419,5440,5160,450.1525905961144,433.7733010689466,378.09537876942136,21.216799725597507,20.82722499683879,19.444674817785494
